date,weekend,value,quarter,month,day
2016-01-06,0,29.691,1,1,6
2016-01-07,0,43.177,1,1,7
2016-01-08,0,50.057,1,1,8
2016-01-09,1,47.363,1,1,9
2016-01-10,1,42.203,1,1,10
2016-01-11,0,21.535,1,1,11
2016-01-12,0,12.981,1,1,12
2016-02-06,1,28.789,1,2,6
2016-02-07,1,59.410000000000004,1,2,7
2016-02-08,0,47.57,1,2,8
2016-02-09,0,24.096999999999998,1,2,9
2016-02-10,0,23.944,1,2,10
2016-02-11,0,27.476,1,2,11
2016-02-12,0,11.610999999999999,1,2,12
2016-03-06,1,19.247,1,3,6
2016-03-07,0,63.001000000000005,1,3,7
2016-03-08,0,49.566,1,3,8
2016-03-09,0,5.885999999999999,1,3,9
2016-03-10,0,30.736,1,3,10
2016-03-11,0,32.599000000000004,1,3,11
2016-03-12,1,13.281,1,3,12
2016-04-06,0,22.883000000000003,2,4,6
2016-04-07,0,58.908,2,4,7
2016-04-08,0,49.523,2,4,8
2016-04-09,1,5.984999999999999,2,4,9
2016-04-10,1,31.634999999999998,2,4,10
2016-04-11,0,31.685,2,4,11
2016-04-12,0,20.073,2,4,12
2016-05-06,0,25.195,2,5,6
2016-05-07,1,45.24,2,5,7
2016-05-08,1,48.771,2,5,8
2016-05-09,0,43.516,2,5,9
2016-05-10,0,35.233000000000004,2,5,10
2016-05-11,0,30.718,2,5,11
2016-05-12,0,14.58,2,5,12
2016-06-06,0,29.323,2,6,6
2016-06-07,0,43.361,2,6,7
2016-06-08,0,55.993,2,6,8
2016-06-09,0,39.04,2,6,9
2016-06-10,0,33.993,2,6,10
2016-06-11,1,19.498,2,6,11
2016-06-12,1,10.247,2,6,12
2016-06-13,0,36.865,2,6,13
2016-06-14,0,46.684000000000005,2,6,14
2016-06-15,0,41.78,2,6,15
2016-06-16,0,43.292,2,6,16
2016-06-17,0,41.361000000000004,2,6,17
2016-06-18,1,46.410000000000004,2,6,18
2016-06-19,1,47.559,2,6,19
2016-06-20,0,38.9,2,6,20
2016-06-21,0,34.485,2,6,21
2016-06-22,0,42.401,2,6,22
2016-06-23,0,40.403999999999996,2,6,23
2016-06-24,0,36.68,2,6,24
2016-06-25,1,42.348,2,6,25
2016-06-26,1,42.576,2,6,26
2016-06-27,0,42.929,2,6,27
2016-06-28,0,36.660000000000004,2,6,28
2016-06-29,0,35.047,2,6,29
2016-06-30,0,37.932,2,6,30
2016-07-06,0,30.322,3,7,6
2016-07-07,0,41.832,3,7,7
2016-07-08,0,61.38,3,7,8
2016-07-09,1,37.735,3,7,9
2016-07-10,1,37.532,3,7,10
2016-07-11,0,22.743,3,7,11
2016-07-12,0,10.407,3,7,12
2016-07-13,0,47.16,3,7,13
2016-07-14,0,48.224000000000004,3,7,14
2016-07-15,0,16.695999999999998,3,7,15
2016-07-16,0,16.299,3,7,16
2016-07-17,0,14.246,3,7,17
2016-07-18,0,13.84,3,7,18
2016-07-19,0,12.328999999999999,3,7,19
2016-07-20,0,15.786,3,7,20
2016-07-21,0,19.101,3,7,21
2016-07-22,0,64.973,3,7,22
2016-07-23,1,62.589,3,7,23
2016-07-24,1,56.825,3,7,24
2016-07-25,0,39.835,3,7,25
2016-07-26,0,33.564,3,7,26
2016-07-27,0,40.543,3,7,27
2016-07-28,0,35.123,3,7,28
2016-07-29,0,50.193,3,7,29
2016-07-30,1,59.391,3,7,30
2016-07-31,1,52.989,3,7,31
2016-08-06,1,40.051,3,8,6
2016-08-07,1,43.316,3,8,7
2016-08-08,0,48.945,3,8,8
2016-08-09,0,40.457,3,8,9
2016-08-10,0,27.436,3,8,10
2016-08-11,0,17.995,3,8,11
2016-08-12,0,9.927,3,8,12
2016-08-13,1,51.981,3,8,13
2016-08-14,1,36.371,3,8,14
2016-08-15,0,34.397,3,8,15
2016-08-16,0,29.62,3,8,16
2016-08-17,0,29.669999999999998,3,8,17
2016-08-18,0,27.957,3,8,18
2016-08-19,0,33.474000000000004,3,8,19
2016-08-20,1,38.245000000000005,3,8,20
2016-08-21,1,40.958,3,8,21
2016-08-22,0,34.785,3,8,22
2016-08-23,0,42.852,3,8,23
2016-08-24,0,50.701,3,8,24
2016-08-25,0,44.537,3,8,25
2016-08-26,0,30.32,3,8,26
2016-08-27,1,34.381,3,8,27
2016-08-28,1,36.876,3,8,28
2016-08-29,0,32.349000000000004,3,8,29
2016-08-30,0,33.066,3,8,30
2016-08-31,0,39.477000000000004,3,8,31
2016-09-06,0,38.667,3,9,6
2016-09-07,0,48.884,3,9,7
2016-09-08,0,54.938,3,9,8
2016-09-09,0,35.772999999999996,3,9,9
2016-09-10,1,23.768,3,9,10
2016-09-11,1,14.895999999999999,3,9,11
2016-09-12,0,12.065999999999999,3,9,12
2016-09-13,0,33.725,3,9,13
2016-09-14,0,40.039,3,9,14
2016-09-15,0,78.2253,3,9,15
2016-09-16,0,42.756,3,9,16
2016-09-17,1,55.155,3,9,17
2016-09-18,1,57.136,3,9,18
2016-09-19,0,46.735,3,9,19
2016-09-20,0,47.523,3,9,20
2016-09-21,0,37.714,3,9,21
2016-09-22,0,39.036,3,9,22
2016-09-23,0,34.31,3,9,23
2016-09-24,1,41.334,3,9,24
2016-09-25,1,32.793,3,9,25
2016-09-26,0,31.782,3,9,26
2016-09-27,0,28.17,3,9,27
2016-09-28,0,32.141999999999996,3,9,28
2016-09-29,0,27.216,3,9,29
2016-09-30,0,29.563,3,9,30
2016-10-06,0,42.467,4,10,6
2016-10-07,0,44.535,4,10,7
2016-10-08,1,57.28,4,10,8
2016-10-09,1,34.96,4,10,9
2016-10-10,0,20.678,4,10,10
2016-10-11,0,13.386,4,10,11
2016-10-12,0,11.821,4,10,12
2016-10-13,0,36.885,4,10,13
2016-10-14,0,34.797,4,10,14
2016-10-15,1,34.404,4,10,15
2016-10-16,1,35.26,4,10,16
2016-10-17,0,37.709,4,10,17
2016-10-18,0,40.328,4,10,18
2016-10-19,0,34.486,4,10,19
2016-10-20,0,32.367000000000004,4,10,20
2016-10-21,0,16.286,4,10,21
2016-10-22,1,14.584999999999999,4,10,22
2016-10-23,1,17.701,4,10,23
2016-10-24,0,23.153,4,10,24
2016-10-25,0,21.901,4,10,25
2016-10-26,0,28.46,4,10,26
2016-10-27,0,27.974,4,10,27
2016-10-28,0,8.609,4,10,28
2016-10-29,1,14.34,4,10,29
2016-10-30,1,28.881,4,10,30
2016-10-31,0,21.447,4,10,31
2016-11-06,1,54.001,4,11,6
2016-11-07,0,43.727,4,11,7
2016-11-08,0,56.953,4,11,8
2016-11-09,0,45.391,4,11,9
2016-11-10,0,27.457,4,11,10
2016-11-11,0,14.389,4,11,11
2016-11-12,1,10.974,4,11,12
2016-11-13,1,11.448,4,11,13
2016-11-14,0,17.423000000000002,4,11,14
2016-11-15,0,17.152,4,11,15
2016-11-16,0,16.904,4,11,16
2016-11-17,0,26.7993,4,11,17
2016-11-18,0,14.086,4,11,18
2016-11-19,1,9.718,4,11,19
2016-11-20,1,11.783,4,11,20
2016-11-21,0,12.107,4,11,21
2016-11-22,0,15.368,4,11,22
2016-11-23,0,15.897,4,11,23
2016-11-24,0,16.328,4,11,24
2016-11-25,0,13.341,4,11,25
2016-11-26,1,12.177999999999999,4,11,26
2016-11-27,1,16.403,4,11,27
2016-11-28,0,20.337,4,11,28
2016-11-29,0,24.531,4,11,29
2016-11-30,0,14.331,4,11,30
2016-12-06,0,38.414,4,12,6
2016-12-07,0,43.278,4,12,7
2016-12-08,0,57.734,4,12,8
2016-12-09,0,37.162,4,12,9
2016-12-10,1,34.022,4,12,10
2016-12-11,1,14.982,4,12,11
2016-12-12,0,8.007,4,12,12
2016-12-13,0,11.024000000000001,4,12,13
2016-12-14,0,9.839,4,12,14
2016-12-15,0,10.418,4,12,15
2016-12-16,0,11.513,4,12,16
2016-12-17,1,12.054,4,12,17
2016-12-18,1,14.807,4,12,18
2016-12-19,0,14.291,4,12,19
2016-12-20,0,12.721,4,12,20
2016-12-21,0,10.512,4,12,21
2016-12-22,0,12.013,4,12,22
2016-12-23,0,8.368,4,12,23
2016-12-24,1,5.925,4,12,24
2016-12-25,1,5.9479999999999995,4,12,25
2016-12-26,0,5.973,4,12,26
2016-12-27,0,6.148999999999999,4,12,27
2016-12-28,0,5.95,4,12,28
2016-12-29,0,5.909,4,12,29
2016-12-30,0,13.559,4,12,30
2016-12-31,1,15.304,4,12,31
2017-01-01,1,12.2,1,1,1
2017-01-02,0,8.684,1,1,2
2017-01-03,0,15.812,1,1,3
2017-01-04,0,11.379999999999999,1,1,4
2017-01-05,0,16.642,1,1,5
2017-01-06,0,21.759,1,1,6
2017-01-07,1,16.76,1,1,7
2017-01-08,1,15.512,1,1,8
2017-01-09,0,30.778,1,1,9
2017-01-10,0,30.398,1,1,10
2017-01-11,0,11.776,1,1,11
2017-01-12,0,9.139999999999999,1,1,12
2017-01-13,0,14.313,1,1,13
2017-01-14,1,18.906,1,1,14
2017-01-15,1,13.785,1,1,15
2017-01-16,0,11.504999999999999,1,1,16
2017-01-17,0,9.517999999999999,1,1,17
2017-01-18,0,9.318,1,1,18
2017-01-19,0,9.176,1,1,19
2017-01-20,0,9.208,1,1,20
2017-01-21,1,10.378,1,1,21
2017-01-22,1,9.667,1,1,22
2017-01-23,0,9.514,1,1,23
2017-01-24,0,8.512,1,1,24
2017-01-25,0,10.004,1,1,25
2017-01-26,0,9.024,1,1,26
2017-01-27,0,10.821,1,1,27
2017-01-28,1,12.155,1,1,28
2017-01-29,1,11.348,1,1,29
2017-01-30,0,10.379999999999999,1,1,30
2017-01-31,0,8.459999999999999,1,1,31
2017-02-01,0,11.026,1,2,1
2017-02-02,0,9.728,1,2,2
2017-02-03,0,8.705,1,2,3
2017-02-04,1,18.51,1,2,4
2017-02-05,1,41.02,1,2,5
2017-02-06,0,21.904,1,2,6
2017-02-07,0,17.037,1,2,7
2017-02-08,0,9.229,1,2,8
2017-02-09,0,32.324,1,2,9
2017-02-10,0,23.484,1,2,10
2017-02-11,1,15.279,1,2,11
2017-02-12,1,8.949,1,2,12
2017-02-13,0,14.427,1,2,13
2017-02-14,0,9.776,1,2,14
2017-02-15,0,8.585,1,2,15
2017-02-16,0,10.748999999999999,1,2,16
2017-02-17,0,10.86,1,2,17
2017-02-18,1,15.083,1,2,18
2017-02-19,1,17.052,1,2,19
2017-02-20,0,14.156,1,2,20
2017-02-21,0,10.461,1,2,21
2017-02-22,0,8.722999999999999,1,2,22
2017-02-23,0,9.547,1,2,23
2017-02-24,0,11.426,1,2,24
2017-02-25,1,9.965,1,2,25
2017-02-26,1,11.033,1,2,26
2017-02-27,0,9.301,1,2,27
2017-02-28,0,14.887,1,2,28
2017-03-01,0,10.225,1,3,1
2017-03-02,0,8.719,1,3,2
2017-03-03,0,9.764,1,3,3
2017-03-04,1,17.506,1,3,4
2017-03-05,1,40.298,1,3,5
2017-03-06,0,28.902,1,3,6
2017-03-07,0,19.432,1,3,7
2017-03-08,0,11.536999999999999,1,3,8
2017-03-09,0,34.719,1,3,9
2017-03-10,0,22.884999999999998,1,3,10
2017-03-11,1,19.869,1,3,11
2017-03-12,1,9.697,1,3,12
2017-03-13,0,8.897,1,3,13
2017-03-14,0,9.158,1,3,14
2017-03-15,0,8.439,1,3,15
2017-03-16,0,8.366999999999999,1,3,16
2017-03-17,0,8.744,1,3,17
2017-03-18,1,18.514,1,3,18
2017-03-19,1,14.914,1,3,19
2017-03-20,0,21.3,1,3,20
2017-03-21,0,12.741,1,3,21
2017-03-22,0,16.846,1,3,22
2017-03-23,0,14.541,1,3,23
2017-03-24,0,12.472,1,3,24
2017-03-25,1,13.44,1,3,25
2017-03-26,1,16.682,1,3,26
2017-03-27,0,19.489,1,3,27
2017-03-28,0,20.646,1,3,28
2017-03-29,0,20.027,1,3,29
2017-03-30,0,13.423,1,3,30
2017-03-31,0,12.370000000000001,1,3,31
2017-04-01,1,10.312,2,4,1
2017-04-02,1,9.815999999999999,2,4,2
2017-04-03,0,10.638,2,4,3
2017-04-04,0,18.602999999999998,2,4,4
2017-04-05,0,9.709,2,4,5
2017-04-06,0,23.822,2,4,6
2017-04-07,0,27.183999999999997,2,4,7
2017-04-08,1,16.123,2,4,8
2017-04-09,1,31.005,2,4,9
2017-04-10,0,29.84,2,4,10
2017-04-11,0,22.634,2,4,11
2017-04-12,0,9.471,2,4,12
2017-04-13,0,19.142,2,4,13
2017-04-14,0,14.469,2,4,14
2017-04-15,1,16.183,2,4,15
2017-04-16,1,23.713,2,4,16
2017-04-17,0,14.396,2,4,17
2017-04-18,0,14.931000000000001,2,4,18
2017-04-19,0,17.522,2,4,19
2017-04-20,0,22.567,2,4,20
2017-04-21,0,20.833000000000002,2,4,21
2017-04-22,1,23.753,2,4,22
2017-04-23,1,8.829,2,4,23
2017-04-24,0,9.422,2,4,24
2017-04-25,0,16.305,2,4,25
2017-04-26,0,23.155,2,4,26
2017-04-27,0,15.352,2,4,27
2017-04-28,0,27.573,2,4,28
2017-04-29,1,43.181,2,4,29
2017-04-30,1,12.64,2,4,30
2017-05-01,0,10.28,2,5,1
2017-05-02,0,13.482,2,5,2
2017-05-03,0,10.275,2,5,3
2017-05-04,0,12.53,2,5,4
2017-05-05,0,21.608,2,5,5
2017-05-06,1,17.891,2,5,6
2017-05-07,1,38.479,2,5,7
2017-05-08,0,12.012,2,5,8
2017-05-09,0,25.649,2,5,9
2017-05-10,0,26.871,2,5,10
2017-05-11,0,26.353,2,5,11
2017-05-12,0,10.17,2,5,12
2017-05-13,1,32.658,2,5,13
2017-05-14,1,25.182,2,5,14
2017-05-15,0,21.347,2,5,15
2017-05-16,0,23.285,2,5,16
2017-05-17,0,20.39,2,5,17
2017-05-18,0,26.111,2,5,18
2017-05-19,0,28.193,2,5,19
2017-05-20,1,44.704,2,5,20
2017-05-21,1,26.627000000000002,2,5,21
2017-05-22,0,15.241999999999999,2,5,22
2017-05-23,0,14.513,2,5,23
2017-05-24,0,12.427,2,5,24
2017-05-25,0,18.384,2,5,25
2017-05-26,0,22.209,2,5,26
2017-05-27,1,30.0,2,5,27
2017-05-28,1,26.194,2,5,28
2017-05-29,0,17.7,2,5,29
2017-05-30,0,20.505,2,5,30
2017-05-31,0,24.073,2,5,31
2017-06-01,0,13.764,2,6,1
2017-06-02,0,10.081999999999999,2,6,2
2017-06-03,1,10.852,2,6,3
2017-06-04,1,7.9559999999999995,2,6,4
2017-06-05,0,23.462,2,6,5
2017-06-06,0,25.927,2,6,6
2017-06-07,0,37.504,2,6,7
2017-06-08,0,12.585,2,6,8
2017-06-09,0,24.27,2,6,9
2017-06-10,1,22.755,2,6,10
2017-06-11,1,19.809,2,6,11
2017-06-12,0,10.305,2,6,12
2017-06-13,0,26.265,2,6,13
2017-06-14,0,29.41,2,6,14
2017-06-15,0,38.956,2,6,15
2017-06-16,0,26.43,2,6,16
2017-06-17,1,26.021,2,6,17
2017-06-18,1,31.108,2,6,18
2017-06-19,0,31.634,2,6,19
2017-06-20,0,30.729,2,6,20
2017-06-21,0,23.262999999999998,2,6,21
2017-06-22,0,21.247,2,6,22
2017-06-23,0,30.763,2,6,23
2017-06-24,1,17.706,2,6,24
2017-06-25,1,22.042,2,6,25
2017-06-26,0,21.789,2,6,26
2017-06-27,0,18.463,2,6,27
2017-06-28,0,26.172,2,6,28
2017-06-29,0,14.585,2,6,29
2017-06-30,0,15.902,2,6,30
2017-07-01,1,18.608,3,7,1
2017-07-02,1,11.572,3,7,2
2017-07-03,0,10.888,3,7,3
2017-07-04,0,10.487,3,7,4
2017-07-05,0,18.389,3,7,5
2017-07-06,0,29.238,3,7,6
2017-07-07,0,31.879,3,7,7
2017-07-08,1,9.076,3,7,8
2017-07-09,1,18.501,3,7,9
2017-07-10,0,24.51,3,7,10
2017-07-11,0,17.899,3,7,11
2017-07-12,0,14.476,3,7,12
2017-07-13,0,33.696,3,7,13
2017-07-14,0,32.13,3,7,14
2017-07-15,1,24.697,3,7,15
2017-07-16,1,32.693,3,7,16
2017-07-17,0,26.897,3,7,17
2017-07-18,0,30.087,3,7,18
2017-07-19,0,35.26,3,7,19
2017-07-20,0,36.923,3,7,20
2017-07-21,0,23.649,3,7,21
2017-07-22,1,15.838,3,7,22
2017-07-23,1,16.967,3,7,23
2017-07-24,0,16.727,3,7,24
2017-07-25,0,15.949,3,7,25
2017-07-26,0,17.133,3,7,26
2017-07-27,0,19.411,3,7,27
2017-07-28,0,22.399,3,7,28
2017-07-29,1,22.195,3,7,29
2017-07-30,1,19.675,3,7,30
2017-07-31,0,16.53,3,7,31
2017-08-01,0,15.666,3,8,1
2017-08-02,0,15.685,3,8,2
2017-08-03,0,8.433,3,8,3
2017-08-04,0,10.773,3,8,4
2017-08-05,1,18.188,3,8,5
2017-08-06,1,26.397,3,8,6
2017-08-07,0,40.564,3,8,7
2017-08-08,0,9.229,3,8,8
2017-08-09,0,19.341,3,8,9
2017-08-10,0,44.179,3,8,10
2017-08-11,0,10.656,3,8,11
2017-08-12,1,13.934,3,8,12
2017-08-13,1,31.378,3,8,13
2017-08-14,0,34.663000000000004,3,8,14
2017-08-15,0,32.002,3,8,15
2017-08-16,0,34.792,3,8,16
2017-08-17,0,35.281,3,8,17
2017-08-18,0,37.583,3,8,18
2017-08-19,1,47.013,3,8,19
2017-08-20,1,46.196,3,8,20
2017-08-21,0,36.616,3,8,21
2017-08-22,0,36.494,3,8,22
2017-08-23,0,31.535,3,8,23
2017-08-24,0,31.359,3,8,24
2017-08-25,0,28.596,3,8,25
2017-08-26,1,18.811,3,8,26
2017-08-27,1,20.477,3,8,27
2017-08-28,0,19.506999999999998,3,8,28
2017-08-29,0,23.116,3,8,29
2017-08-30,0,25.931,3,8,30
2017-08-31,0,27.518,3,8,31
2017-09-01,0,9.881,3,9,1
2017-09-02,1,9.125,3,9,2
2017-09-03,1,11.354,3,9,3
2017-09-04,0,19.294,3,9,4
2017-09-05,0,15.209,3,9,5
2017-09-06,0,23.069,3,9,6
2017-09-07,0,48.721,3,9,7
2017-09-08,0,14.36,3,9,8
2017-09-09,1,22.967,3,9,9
2017-09-10,1,28.158,3,9,10
2017-09-11,0,10.137,3,9,11
2017-09-12,0,11.331999999999999,3,9,12
2017-09-13,0,18.2,3,9,13
2017-09-14,0,24.048,3,9,14
2017-09-15,0,25.606,3,9,15
2017-09-16,1,33.782000000000004,3,9,16
2017-09-17,1,37.963,3,9,17
2017-09-18,0,25.661,3,9,18
2017-09-19,0,28.808,3,9,19
2017-09-20,0,28.747,3,9,20
2017-09-21,0,21.256,3,9,21
2017-09-22,0,28.064,3,9,22
2017-09-23,1,34.789,3,9,23
2017-09-24,1,34.439,3,9,24
2017-09-25,0,25.876,3,9,25
2017-09-26,0,20.829,3,9,26
2017-09-27,0,23.112,3,9,27
2017-09-28,0,23.112000000000002,3,9,28
2017-09-29,0,27.259999999999998,3,9,29
2017-09-30,1,27.954,3,9,30
2017-10-01,1,8.897,4,10,1
2017-10-02,0,9.185,4,10,2
2017-10-03,0,14.911999999999999,4,10,3
2017-10-04,0,16.727,4,10,4
2017-10-05,0,18.148,4,10,5
2017-10-06,0,20.146,4,10,6
2017-10-07,1,25.739,4,10,7
2017-10-08,1,20.816,4,10,8
2017-10-09,0,18.172,4,10,9
2017-10-10,0,16.467,4,10,10
2017-10-11,0,13.636,4,10,11
2017-10-12,0,11.305,4,10,12
2017-10-13,0,28.734,4,10,13
2017-10-14,1,33.688,4,10,14
2017-10-15,1,31.763,4,10,15
2017-10-16,0,12.908,4,10,16
2017-10-17,0,12.349,4,10,17
2017-10-18,0,12.642,4,10,18
2017-10-19,0,17.078,4,10,19
2017-10-20,0,18.137,4,10,20
2017-10-21,1,23.593,4,10,21
2017-10-22,1,19.901,4,10,22
2017-10-23,0,11.697,4,10,23
2017-10-24,0,12.008,4,10,24
2017-10-25,0,10.419,4,10,25
2017-10-26,0,7.846550505,4,10,26
2017-10-27,0,7.763999999999999,4,10,27
2017-10-28,1,7.7669999999999995,4,10,28
2017-10-29,1,8.517,4,10,29
2017-10-30,0,8.081,4,10,30
2017-10-31,0,8.139999999999999,4,10,31
2017-11-01,0,8.86,4,11,1
2017-11-02,0,14.057,4,11,2
2017-11-03,0,11.628,4,11,3
2017-11-04,1,11.871,4,11,4
2017-11-05,1,19.041,4,11,5
2017-11-06,0,30.985,4,11,6
2017-11-07,0,25.91,4,11,7
2017-11-08,0,19.878,4,11,8
2017-11-09,0,18.65,4,11,9
2017-11-10,0,16.865000000000002,4,11,10
2017-11-11,1,21.588,4,11,11
2017-11-12,1,9.881,4,11,12
2017-11-13,0,13.663,4,11,13
2017-11-14,0,12.210999999999999,4,11,14
2017-11-15,0,13.608,4,11,15
2017-11-16,0,16.207,4,11,16
2017-11-17,0,14.732,4,11,17
2017-11-18,1,11.767,4,11,18
2017-11-19,1,9.817,4,11,19
2017-11-20,0,10.073,4,11,20
2017-11-21,0,10.521,4,11,21
2017-11-22,0,8.943999999999999,4,11,22
2017-11-23,0,5.842,4,11,23
2017-11-24,0,5.5,4,11,24
2017-11-25,1,7.622,4,11,25
2017-11-26,1,11.621,4,11,26
2017-11-27,0,8.209999999999999,4,11,27
2017-11-28,0,8.166,4,11,28
2017-11-29,0,7.938,4,11,29
2017-11-30,0,7.817,4,11,30
2017-12-01,0,9.055,4,12,1
2017-12-02,1,21.634,4,12,2
2017-12-03,1,8.4964,4,12,3
2017-12-04,0,9.717,4,12,4
2017-12-05,0,21.893,4,12,5
2017-12-06,0,27.446,4,12,6
2017-12-07,0,25.445,4,12,7
2017-12-08,0,33.197,4,12,8
2017-12-09,1,20.646,4,12,9
2017-12-10,1,21.825,4,12,10
2017-12-11,0,23.692999999999998,4,12,11
2017-12-12,0,10.487,4,12,12
2017-12-13,0,10.748,4,12,13
2017-12-14,0,10.555,4,12,14
2017-12-15,0,11.328,4,12,15
2017-12-16,1,9.84,4,12,16
2017-12-17,1,12.652,4,12,17
2017-12-18,0,8.404,4,12,18
2017-12-19,0,9.175,4,12,19
2017-12-20,0,5.864999999999999,4,12,20
2017-12-21,0,4.794,4,12,21
2017-12-22,0,4.841,4,12,22
2017-12-23,0,4.609999999999999,4,12,23
2017-12-24,0,5.979,4,12,24
2017-12-25,0,6.197,4,12,25
2017-12-26,0,7.618,4,12,26
2017-12-27,0,15.512,4,12,27
2017-12-28,0,14.478,4,12,28
2017-12-29,0,11.676,4,12,29
2017-12-30,1,11.03,4,12,30
2017-12-31,1,9.42,4,12,31
2018-01-01,0,16.583,1,1,1
2018-01-02,0,9.163,1,1,2
2018-01-03,0,17.01,1,1,3
2018-01-04,0,16.951,1,1,4
2018-01-05,0,15.936,1,1,5
2018-01-06,1,17.213,1,1,6
2018-01-07,1,45.477000000000004,1,1,7
2018-01-08,0,34.872,1,1,8
2018-01-09,0,45.265,1,1,9
2018-01-10,0,41.139,1,1,10
2018-01-11,0,14.855,1,1,11
2018-01-12,0,12.961,1,1,12
2018-01-13,1,11.542,1,1,13
2018-01-14,1,17.199,1,1,14
2018-01-15,0,10.365,1,1,15
2018-01-16,0,17.321,1,1,16
2018-01-17,0,20.755,1,1,17
2018-01-18,0,14.004,1,1,18
2018-01-19,0,12.524,1,1,19
2018-01-20,1,10.261,1,1,20
2018-01-21,1,10.292,1,1,21
2018-01-22,0,8.491999999999999,1,1,22
2018-01-23,0,8.49,1,1,23
2018-01-24,0,10.734,1,1,24
2018-01-25,0,13.175,1,1,25
2018-01-26,0,9.279,1,1,26
2018-01-27,1,9.914,1,1,27
2018-01-28,1,10.051,1,1,28
2018-01-29,0,11.148,1,1,29
2018-01-30,0,11.863999999999999,1,1,30
2018-01-31,0,10.778,1,1,31
2018-02-01,0,14.091,1,2,1
2018-02-02,0,8.86,1,2,2
2018-02-03,1,8.174999999999999,1,2,3
2018-02-04,1,19.771,1,2,4
2018-02-05,0,16.391,1,2,5
2018-02-06,0,24.751,1,2,6
2018-02-07,0,36.444,1,2,7
2018-02-08,0,35.36,1,2,8
2018-02-09,0,30.686,1,2,9
2018-02-10,1,48.5215,1,2,10
2018-02-11,1,11.006,1,2,11
2018-02-12,0,14.204,1,2,12
2018-02-13,0,11.632,1,2,13
2018-02-14,0,9.918,1,2,14
2018-02-15,0,7.994,1,2,15
2018-02-16,0,16.589,1,2,16
2018-02-17,1,12.674,1,2,17
2018-02-18,1,14.337,1,2,18
2018-02-19,0,11.799,1,2,19
2018-02-20,0,11.896,1,2,20
2018-02-21,0,8.785,1,2,21
2018-02-22,0,10.445,1,2,22
2018-02-23,0,8.161999999999999,1,2,23
2018-02-24,1,9.576,1,2,24
2018-02-25,1,12.158,1,2,25
2018-02-26,0,8.146,1,2,26
2018-02-27,0,8.796,1,2,27
2018-02-28,0,15.771,1,2,28
2018-03-01,0,13.411999999999999,1,3,1
2018-03-02,0,11.677,1,3,2
2018-03-03,1,12.616999999999999,1,3,3
2018-03-04,1,12.83,1,3,4
2018-03-05,0,15.896,1,3,5
2018-03-06,0,49.992,1,3,6
2018-03-07,0,40.161,1,3,7
2018-03-08,0,40.504,1,3,8
2018-03-09,0,16.959,1,3,9
2018-03-10,1,51.3906,1,3,10
2018-03-11,1,12.57,1,3,11
2018-03-12,0,12.558,1,3,12
2018-03-13,0,8.905,1,3,13
2018-03-14,0,8.607,1,3,14
2018-03-15,0,9.405999999999999,1,3,15
2018-03-16,0,14.136,1,3,16
2018-03-17,1,20.419999999999998,1,3,17
2018-03-18,1,17.431,1,3,18
2018-03-19,0,16.754,1,3,19
2018-03-20,0,13.514,1,3,20
2018-03-21,0,8.726999999999999,1,3,21
2018-03-22,0,11.184,1,3,22
2018-03-23,0,9.439,1,3,23
2018-03-24,1,14.149,1,3,24
2018-03-25,1,15.902999999999999,1,3,25
2018-03-26,0,18.38,1,3,26
2018-03-27,0,19.446,1,3,27
2018-03-28,0,11.701,1,3,28
2018-03-29,0,9.115,1,3,29
2018-03-30,0,6.02,1,3,30
2018-03-31,1,7.035,1,3,31
2018-04-01,1,10.94,2,4,1
2018-04-02,0,9.061,2,4,2
2018-04-03,0,12.854999999999999,2,4,3
2018-04-04,0,15.547,2,4,4
2018-04-05,0,10.872,2,4,5
2018-04-06,0,39.506,2,4,6
2018-04-07,1,22.372,2,4,7
2018-04-08,1,25.065,2,4,8
2018-04-09,0,19.513,2,4,9
2018-04-10,0,57.122,2,4,10
2018-04-11,0,18.645,2,4,11
2018-04-12,0,9.943,2,4,12
2018-04-13,0,14.547,2,4,13
2018-04-14,1,8.962,2,4,14
2018-04-15,1,8.923,2,4,15
2018-04-16,0,8.336,2,4,16
2018-04-17,0,8.458,2,4,17
2018-04-18,0,13.201,2,4,18
2018-04-19,0,13.32,2,4,19
2018-04-20,0,12.418,2,4,20
2018-04-21,1,8.516,2,4,21
2018-04-22,1,8.447,2,4,22
2018-04-23,0,11.609,2,4,23
2018-04-24,0,14.914,2,4,24
2018-04-25,0,14.009,2,4,25
2018-04-26,0,9.942,2,4,26
2018-04-27,0,10.623,2,4,27
2018-04-28,1,23.53,2,4,28
2018-04-29,1,15.001,2,4,29
2018-04-30,0,16.78,2,4,30
2018-05-01,0,12.39,2,5,1
2018-05-02,0,8.924,2,5,2
2018-05-03,0,14.073,2,5,3
2018-05-04,0,10.006,2,5,4
2018-05-05,1,31.471,2,5,5
2018-05-06,1,37.481,2,5,6
2018-05-07,0,31.073,2,5,7
2018-05-08,0,27.230999999999998,2,5,8
2018-05-09,0,20.82,2,5,9
2018-05-10,0,50.037,2,5,10
2018-05-11,0,16.649,2,5,11
2018-05-12,1,10.017,2,5,12
2018-05-13,1,34.243,2,5,13
2018-05-14,0,27.917,2,5,14
2018-05-15,0,25.134999999999998,2,5,15
2018-05-16,0,26.125,2,5,16
2018-05-17,0,37.075,2,5,17
2018-05-18,0,32.697,2,5,18
2018-05-19,1,40.785,2,5,19
2018-05-20,1,33.027,2,5,20
2018-05-21,0,19.197,2,5,21
2018-05-22,0,20.937,2,5,22
2018-05-23,0,21.632,2,5,23
2018-05-24,0,24.136,2,5,24
2018-05-25,0,18.652,2,5,25
2018-05-26,0,14.582,2,5,26
2018-05-27,0,12.255,2,5,27
2018-05-28,0,14.522,2,5,28
2018-05-29,0,17.669,2,5,29
2018-05-30,0,14.953,2,5,30
2018-05-31,0,15.075000000000001,2,5,31
2018-06-01,0,11.151,2,6,1
2018-06-02,0,0.367,2,6,2
2018-06-02,1,9.153,2,6,2
2018-06-03,1,8.334999999999999,2,6,3
2018-06-04,0,10.682,2,6,4
2018-06-05,0,26.534,2,6,5
2018-06-06,0,35.941,2,6,6
2018-06-07,0,31.393,2,6,7
2018-06-08,0,38.086,2,6,8
2018-06-09,1,23.776,2,6,9
2018-06-10,1,54.294,2,6,10
2018-06-11,0,28.655,2,6,11
2018-06-12,0,9.902,2,6,12
2018-06-13,0,38.969,2,6,13
2018-06-14,0,35.528,2,6,14
2018-06-15,0,41.085,2,6,15
2018-06-16,1,32.068,2,6,16
2018-06-17,1,36.081,2,6,17
2018-06-18,0,29.675,2,6,18
2018-06-19,0,28.187,2,6,19
2018-06-20,0,22.289,2,6,20
2018-06-21,0,29.353,2,6,21
2018-06-22,0,32.863,2,6,22
2018-06-23,1,35.915,2,6,23
2018-06-24,1,34.189,2,6,24
2018-06-25,0,35.908,2,6,25
2018-06-26,0,39.325,2,6,26
2018-06-27,0,39.697,2,6,27
2018-06-28,0,42.551,2,6,28
2018-06-29,0,45.453,2,6,29
2018-06-30,1,47.969,2,6,30
2018-07-01,1,12.01,3,7,1
2018-07-02,0,9.392,3,7,2
2018-07-03,0,7.658,3,7,3
2018-07-04,0,14.024,3,7,4
2018-07-05,0,23.494,3,7,5
2018-07-06,0,35.304,3,7,6
2018-07-07,1,37.382,3,7,7
2018-07-08,1,39.64,3,7,8
2018-07-09,0,26.286,3,7,9
2018-07-10,0,49.811,3,7,10
2018-07-11,0,34.857,3,7,11
2018-07-12,0,9.352,3,7,12
2018-07-13,0,37.76,3,7,13
2018-07-14,1,40.681,3,7,14
2018-07-15,1,41.538000000000004,3,7,15
2018-07-16,0,38.041000000000004,3,7,16
2018-07-17,0,37.52,3,7,17
2018-07-18,0,35.035000000000004,3,7,18
2018-07-19,0,40.4,3,7,19
2018-07-20,0,45.856,3,7,20
2018-07-21,1,48.803,3,7,21
2018-07-22,1,51.017,3,7,22
2018-07-23,0,41.936,3,7,23
2018-07-24,0,46.169,3,7,24
2018-07-25,0,40.856,3,7,25
2018-07-26,0,43.071,3,7,26
2018-07-27,0,39.746,3,7,27
2018-07-28,1,48.258,3,7,28
2018-07-29,1,57.533,3,7,29
2018-07-30,0,66.6025,3,7,30
2018-07-31,0,31.924,3,7,31
2018-08-01,0,8.679,3,8,1
2018-08-02,0,11.856,3,8,2
2018-08-03,0,8.153,3,8,3
2018-08-04,1,12.516,3,8,4
2018-08-05,1,26.625999999999998,3,8,5
2018-08-06,0,44.603,3,8,6
2018-08-07,0,30.063,3,8,7
2018-08-08,0,29.446,3,8,8
2018-08-09,0,34.479,3,8,9
2018-08-10,0,32.249,3,8,10
2018-08-11,1,16.789,3,8,11
2018-08-12,1,11.641,3,8,12
2018-08-13,0,42.855,3,8,13
2018-08-14,0,36.822,3,8,14
2018-08-15,0,39.26,3,8,15
2018-08-16,0,42.132,3,8,16
2018-08-17,0,41.167,3,8,17
2018-08-18,1,45.086,3,8,18
2018-08-19,1,46.837,3,8,19
2018-08-20,0,43.193,3,8,20
2018-08-21,0,48.089,3,8,21
2018-08-22,0,44.911,3,8,22
2018-08-23,0,44.496,3,8,23
2018-08-24,0,45.345,3,8,24
2018-08-25,1,48.985,3,8,25
2018-08-26,1,47.661,3,8,26
2018-08-27,0,37.409,3,8,27
2018-08-28,0,35.475,3,8,28
2018-08-29,0,25.551000000000002,3,8,29
2018-08-30,0,34.909,3,8,30
2018-08-31,0,38.914,3,8,31
2018-09-01,1,10.048,3,9,1
2018-09-02,1,9.088,3,9,2
2018-09-03,0,8.344,3,9,3
2018-09-04,0,8.182,3,9,4
2018-09-05,0,23.432,3,9,5
2018-09-06,0,28.435,3,9,6
2018-09-07,0,29.476,3,9,7
2018-09-08,1,38.351,3,9,8
2018-09-09,1,29.044999999999998,3,9,9
2018-09-10,0,28.963,3,9,10
2018-09-11,0,14.864,3,9,11
2018-09-12,0,13.586,3,9,12
2018-09-13,0,25.769000000000002,3,9,13
2018-09-14,0,23.428,3,9,14
2018-09-15,1,34.524,3,9,15
2018-09-16,1,41.584,3,9,16
2018-09-17,0,38.858,3,9,17
2018-09-18,0,40.006,3,9,18
2018-09-19,0,34.499,3,9,19
2018-09-20,0,31.381999999999998,3,9,20
2018-09-21,0,27.433,3,9,21
2018-09-22,1,21.81,3,9,22
2018-09-23,1,23.708,3,9,23
2018-09-24,0,29.5904,3,9,24
2018-09-25,0,28.776,3,9,25
2018-09-26,0,23.980999999999998,3,9,26
2018-09-27,0,16.203,3,9,27
2018-09-28,0,22.546,3,9,28
2018-09-29,1,27.895,3,9,29
2018-09-30,1,32.52,3,9,30
2018-10-01,0,9.29,4,10,1
2018-10-02,0,9.798,4,10,2
2018-10-03,0,18.5,4,10,3
2018-10-04,0,7.963,4,10,4
2018-10-05,0,25.232,4,10,5
2018-10-06,1,40.998,4,10,6
2018-10-07,1,30.747,4,10,7
2018-10-08,0,46.873,4,10,8
2018-10-09,0,20.596,4,10,9
2018-10-10,0,27.831,4,10,10
2018-10-11,0,9.481,4,10,11
2018-10-12,0,11.788,4,10,12
2018-10-13,1,31.637,4,10,13
2018-10-14,1,37.507,4,10,14
2018-10-15,0,21.932,4,10,15
2018-10-16,0,9.735999999999999,4,10,16
2018-10-17,0,9.983,4,10,17
2018-10-18,0,9.991999999999999,4,10,18
2018-10-19,0,12.942,4,10,19
2018-10-20,1,12.701,4,10,20
2018-10-21,1,14.41,4,10,21
2018-10-22,0,9.709,4,10,22
2018-10-23,0,9.371,4,10,23
2018-10-24,0,9.522,4,10,24
2018-10-25,0,10.543,4,10,25
2018-10-26,0,10.232999999999999,4,10,26
2018-10-27,1,15.272,4,10,27
2018-10-28,1,19.906,4,10,28
2018-10-29,0,20.346,4,10,29
2018-10-30,0,17.478,4,10,30
2018-10-31,0,17.039,4,10,31
2018-11-01,0,9.187,4,11,1
2018-11-02,0,16.819,4,11,2
2018-11-03,1,16.8769,4,11,3
2018-11-04,1,8.035,4,11,4
2018-11-05,0,31.79,4,11,5
2018-11-06,0,38.814,4,11,6
2018-11-07,0,33.172,4,11,7
2018-11-08,0,42.414,4,11,8
2018-11-09,0,21.762,4,11,9
2018-11-10,1,19.38,4,11,10
2018-11-11,1,11.142999999999999,4,11,11
2018-11-12,0,11.818999999999999,4,11,12
2018-11-13,0,14.435,4,11,13
2018-11-14,0,13.391,4,11,14
2018-11-15,0,11.152,4,11,15
2018-11-16,0,9.373,4,11,16
2018-11-17,1,9.415000000000001,4,11,17
2018-11-18,1,11.203,4,11,18
2018-11-19,0,10.383999999999999,4,11,19
2018-11-20,0,9.084,4,11,20
2018-11-21,0,11.858,4,11,21
2018-11-22,0,9.947999999999999,4,11,22
2018-11-23,0,9.362,4,11,23
2018-11-24,1,9.533999999999999,4,11,24
2018-11-25,1,11.129999999999999,4,11,25
2018-11-26,0,12.158,4,11,26
2018-11-27,0,11.246,4,11,27
2018-11-28,0,10.543,4,11,28
2018-11-29,0,9.498999999999999,4,11,29
2018-11-30,0,9.100999999999999,4,11,30
2018-12-01,1,11.806000000000001,4,12,1
2018-12-02,1,13.149,4,12,2
2018-12-03,0,13.113999999999999,4,12,3
2018-12-04,0,8.678,4,12,4
2018-12-05,0,33.304,4,12,5
2018-12-06,0,31.419,4,12,6
2018-12-07,0,39.733000000000004,4,12,7
2018-12-08,1,37.439,4,12,8
2018-12-09,1,22.231,4,12,9
2018-12-10,0,24.013,4,12,10
2018-12-11,0,12.282,4,12,11
2018-12-12,0,12.006,4,12,12
2018-12-13,0,9.517,4,12,13
2018-12-14,0,11.049999999999999,4,12,14
2018-12-15,1,11.211,4,12,15
2018-12-16,1,13.629999999999999,4,12,16
2018-12-17,0,11.626999999999999,4,12,17
2018-12-18,0,9.419,4,12,18
2018-12-19,0,9.908,4,12,19
2018-12-20,0,10.895,4,12,20
2018-12-21,0,11.061,4,12,21
2018-12-22,1,10.731,4,12,22
2018-12-23,1,6.563999999999999,4,12,23
2018-12-24,0,9.286,4,12,24
2018-12-25,0,10.375,4,12,25
2018-12-26,0,10.254,4,12,26
2018-12-27,0,9.455,4,12,27
2018-12-28,0,10.061,4,12,28
2018-12-29,1,12.392,4,12,29
2018-12-30,1,13.813,4,12,30
2018-12-31,0,10.859,4,12,31
2019-01-01,0,10.4,1,1,1
2019-01-02,0,8.74,1,1,2
2019-01-03,0,10.751,1,1,3
2019-01-04,0,10.626,1,1,4
2019-01-05,1,20.794,1,1,5
2019-01-06,1,14.061,1,1,6
2019-01-07,0,31.134,1,1,7
2019-01-08,0,33.01,1,1,8
2019-01-09,0,33.782,1,1,9
2019-01-10,0,27.449,1,1,10
2019-01-11,0,9.734,1,1,11
2019-01-12,1,11.846,1,1,12
2019-01-13,1,12.397,1,1,13
2019-01-14,0,12.872,1,1,14
2019-01-15,0,12.968,1,1,15
2019-01-16,0,11.409,1,1,16
2019-01-17,0,8.959999999999999,1,1,17
2019-01-18,0,11.314,1,1,18
2019-01-19,1,13.295,1,1,19
2019-01-20,1,16.168,1,1,20
2019-01-21,0,12.462,1,1,21
2019-01-22,0,9.369,1,1,22
2019-01-23,0,13.104,1,1,23
2019-01-24,0,11.99,1,1,24
2019-01-25,0,13.06,1,1,25
2019-01-26,1,11.29,1,1,26
2019-01-27,1,9.969999999999999,1,1,27
2019-01-28,0,10.29,1,1,28
2019-01-29,0,12.292,1,1,29
2019-01-30,0,12.368,1,1,30
2019-01-31,0,11.036,1,1,31
2019-02-01,0,12.23,1,2,1
2019-02-02,1,8.803,1,2,2
2019-02-03,1,10.23,1,2,3
2019-02-04,0,10.717,1,2,4
2019-02-05,0,19.174,1,2,5
2019-02-06,0,38.364,1,2,6
2019-02-07,0,27.385,1,2,7
2019-02-08,0,34.988,1,2,8
2019-02-09,1,42.027,1,2,9
2019-02-10,1,29.706,1,2,10
2019-02-11,0,9.968,1,2,11
2019-02-12,0,10.597999999999999,1,2,12
2019-02-13,0,11.158999999999999,1,2,13
2019-02-14,0,9.254,1,2,14
2019-02-15,0,9.339,1,2,15
2019-02-16,1,10.539,1,2,16
2019-02-17,1,8.253,1,2,17
2019-02-18,0,13.322,1,2,18
2019-02-19,0,12.799,1,2,19
2019-02-20,0,10.107,1,2,20
2019-02-21,0,10.638,1,2,21
2019-02-22,0,9.2,1,2,22
2019-02-23,1,8.822,1,2,23
2019-02-24,1,12.238999999999999,1,2,24
2019-02-25,0,11.014999999999999,1,2,25
2019-02-26,0,9.534,1,2,26
2019-02-27,0,9.623,1,2,27
2019-02-28,0,10.262,1,2,28
2019-03-01,0,13.451,1,3,1
2019-03-02,1,10.539,1,3,2
2019-03-03,1,12.125,1,3,3
2019-03-04,0,8.661999999999999,1,3,4
2019-03-05,0,14.609,1,3,5
2019-03-06,0,34.014,1,3,6
2019-03-07,0,25.363,1,3,7
2019-03-08,0,25.433,1,3,8
2019-03-09,1,37.499,1,3,9
2019-03-10,1,21.045,1,3,10
2019-03-11,0,10.591999999999999,1,3,11
2019-03-12,0,11.272,1,3,12
2019-03-13,0,16.728,1,3,13
2019-03-14,0,8.193,1,3,14
2019-03-15,0,6.419,1,3,15
2019-03-16,1,6.34,1,3,16
2019-03-17,1,10.757,1,3,17
2019-03-18,0,9.141,1,3,18
2019-03-19,0,10.795,1,3,19
2019-03-20,0,9.183,1,3,20
2019-03-21,0,9.369122721,1,3,21
2019-03-22,0,9.44385326,1,3,22
2019-03-23,1,9.439673083,1,3,23
2019-03-24,1,10.92,1,3,24
2019-03-25,0,11.786999999999999,1,3,25
2019-03-26,0,15.197,1,3,26
2019-03-27,0,14.13,1,3,27
2019-03-28,0,8.78,1,3,28
2019-03-29,0,9.029,1,3,29
2019-03-30,1,14.364,1,3,30
2019-03-31,1,9.684999999999999,1,3,31
2019-04-01,0,11.674999999999999,2,4,1
2019-04-02,0,10.379999999999999,2,4,2
2019-04-03,0,13.856,2,4,3
2019-04-04,0,10.052999999999999,2,4,4
2019-04-05,0,18.485,2,4,5
2019-04-06,1,28.823,2,4,6
2019-04-07,1,38.336,2,4,7
2019-04-08,0,27.408,2,4,8
2019-04-09,0,38.999,2,4,9
2019-04-10,0,23.849,2,4,10
2019-04-11,0,9.732999999999999,2,4,11
2019-04-12,0,10.11,2,4,12
2019-04-13,1,12.237,2,4,13
2019-04-14,1,11.035,2,4,14
2019-04-15,0,8.633,2,4,15
2019-04-16,0,11.125,2,4,16
2019-04-17,0,16.212,2,4,17
2019-04-18,0,14.685,2,4,18
2019-04-19,0,8.197,2,4,19
2019-04-20,1,6.8149999999999995,2,4,20
2019-04-21,1,9.011,2,4,21
2019-04-22,0,11.968,2,4,22
2019-04-23,0,12.68,2,4,23
2019-04-24,0,12.738,2,4,24
2019-04-25,0,16.942,2,4,25
2019-04-26,0,21.125,2,4,26
2019-04-27,1,16.319,2,4,27
2019-04-28,1,17.471,2,4,28
2019-04-29,0,20.319,2,4,29
2019-04-30,0,23.668,2,4,30
2019-05-01,0,15.758000000000001,2,5,1
2019-05-02,0,9.471,2,5,2
2019-05-03,0,13.584,2,5,3
2019-05-04,1,14.583,2,5,4
2019-05-05,1,24.435000000000002,2,5,5
2019-05-06,0,26.892,2,5,6
2019-05-07,0,33.104,2,5,7
2019-05-08,0,36.171,2,5,8
2019-05-09,0,37.948,2,5,9
2019-05-10,0,25.183,2,5,10
2019-05-11,1,9.579,2,5,11
2019-05-12,1,8.626,2,5,12
2019-05-13,0,14.292,2,5,13
2019-05-14,0,17.084,2,5,14
2019-05-15,0,18.936,2,5,15
2019-05-16,0,18.569,2,5,16
2019-05-17,0,21.678,2,5,17
2019-05-18,1,25.141,2,5,18
2019-05-19,1,37.577,2,5,19
2019-05-20,0,29.705000000000002,2,5,20
2019-05-21,0,28.195,2,5,21
2019-05-22,0,33.152,2,5,22
2019-05-23,0,22.195,2,5,23
2019-05-24,0,11.645999999999999,2,5,24
2019-05-25,0,10.353,2,5,25
2019-05-26,0,10.328,2,5,26
2019-05-27,0,11.886,2,5,27
2019-05-28,0,11.927,2,5,28
2019-05-29,0,16.828,2,5,29
2019-05-30,0,16.962,2,5,30
2019-05-31,0,12.2,2,5,31
2019-06-01,0,13.467,2,6,1
2019-06-02,0,9.852,2,6,2
2019-06-03,0,10.573,2,6,3
2019-06-04,0,21.253,2,6,4
2019-06-05,0,22.863,2,6,5
2019-06-06,0,28.607,2,6,6
2019-06-07,0,44.555,2,6,7
2019-06-08,1,39.897999999999996,2,6,8
2019-06-09,1,39.23,2,6,9
2019-06-10,0,26.887,2,6,10
2019-06-11,0,10.357,2,6,11
2019-06-12,0,9.622,2,6,12
2019-06-13,0,30.395,2,6,13
2019-06-14,0,45.307,2,6,14
2019-06-15,1,39.181,2,6,15
2019-06-16,1,52.857,2,6,16
2019-06-17,0,21.28,2,6,17
2019-06-18,0,33.61,2,6,18
2019-06-19,0,38.805,2,6,19
2019-06-20,0,32.62,2,6,20
2019-06-21,0,35.057,2,6,21
2019-06-22,1,32.657,2,6,22
2019-06-23,1,39.292,2,6,23
2019-06-24,0,25.443,2,6,24
2019-06-25,0,18.369,2,6,25
2019-06-26,0,19.82,2,6,26
2019-06-27,0,23.248,2,6,27
2019-06-28,0,27.491,2,6,28
2019-06-29,1,27.734,2,6,29
2019-06-30,1,30.857,2,6,30
2019-07-01,0,9.99,3,7,1
2019-07-02,0,16.586,3,7,2
2019-07-03,0,8.902,3,7,3
2019-07-04,0,12.507,3,7,4
2019-07-05,0,13.648,3,7,5
2019-07-06,1,30.06,3,7,6
2019-07-07,1,38.635,3,7,7
2019-07-08,0,41.433,3,7,8
2019-07-09,0,38.221,3,7,9
2019-07-10,0,19.832,3,7,10
2019-07-11,0,10.665,3,7,11
2019-07-12,0,9.136,3,7,12
2019-07-13,1,35.303,3,7,13
2019-07-14,1,36.554,3,7,14
2019-07-15,0,45.425767434,3,7,15
2019-07-16,0,47.32486351,3,7,16
2019-07-17,0,40.613,3,7,17
2019-07-18,0,37.218,3,7,18
2019-07-19,0,40.793,3,7,19
2019-07-20,1,33.162,3,7,20
2019-07-21,1,37.524,3,7,21
2019-07-22,0,31.001,3,7,22
2019-07-23,0,23.594,3,7,23
2019-07-24,0,25.092,3,7,24
2019-07-25,0,28.983,3,7,25
2019-07-26,0,26.381999999999998,3,7,26
2019-07-27,1,44.617,3,7,27
2019-07-28,1,39.941,3,7,28
2019-07-29,0,34.456,3,7,29
2019-07-30,0,36.879,3,7,30
2019-07-31,0,34.665,3,7,31
2019-08-01,0,9.957,3,8,1
2019-08-02,0,13.26,3,8,2
2019-08-03,1,8.517,3,8,3
2019-08-04,1,13.418,3,8,4
2019-08-05,0,17.027,3,8,5
2019-08-06,0,36.926,3,8,6
2019-08-07,0,52.361752961,3,8,7
2019-08-08,0,42.648,3,8,8
2019-08-09,0,44.915,3,8,9
2019-08-10,1,17.085,3,8,10
2019-08-11,1,11.020999999999999,3,8,11
2019-08-12,0,10.543,3,8,12
2019-08-13,0,52.836,3,8,13
2019-08-14,0,44.204,3,8,14
2019-08-15,0,40.958999999999996,3,8,15
2019-08-16,0,40.477000000000004,3,8,16
2019-08-17,1,46.031,3,8,17
2019-08-18,1,40.429,3,8,18
2019-08-19,0,46.641,3,8,19
2019-08-20,0,34.104,3,8,20
2019-08-21,0,37.24,3,8,21
2019-08-22,0,39.476,3,8,22
2019-08-23,0,31.509,3,8,23
2019-08-24,1,38.087,3,8,24
2019-08-25,1,35.332,3,8,25
2019-08-26,0,40.238,3,8,26
2019-08-27,0,33.749,3,8,27
2019-08-28,0,38.172,3,8,28
2019-08-29,0,35.432,3,8,29
2019-08-30,0,36.431,3,8,30
2019-08-31,1,34.252,3,8,31
2019-09-01,1,8.907,3,9,1
2019-09-02,0,14.519,3,9,2
2019-09-03,0,9.035,3,9,3
2019-09-04,0,16.839,3,9,4
2019-09-05,0,22.777,3,9,5
2019-09-06,0,52.045,3,9,6
2019-09-07,1,39.794,3,9,7
2019-09-08,1,29.747,3,9,8
2019-09-09,0,34.941,3,9,9
2019-09-10,0,20.43,3,9,10
2019-09-11,0,9.639,3,9,11
2019-09-12,0,11.292,3,9,12
2019-09-13,0,25.758,3,9,13
2019-09-14,1,34.391,3,9,14
2019-09-15,1,31.896,3,9,15
2019-09-16,0,28.426,3,9,16
2019-09-17,0,18.517,3,9,17
2019-09-18,0,19.385,3,9,18
2019-09-19,0,17.156,3,9,19
2019-09-20,0,19.017,3,9,20
2019-09-21,1,27.748,3,9,21
2019-09-22,1,27.477,3,9,22
2019-09-23,0,25.223,3,9,23
2019-09-24,0,26.805,3,9,24
2019-09-25,0,27.491,3,9,25
2019-09-26,0,28.209,3,9,26
2019-09-27,0,24.646,3,9,27
2019-09-28,1,29.554000000000002,3,9,28
2019-09-29,1,29.898,3,9,29
2019-09-30,0,27.222,3,9,30
2019-10-01,0,9.809,4,10,1
2019-10-02,0,14.184999999999999,4,10,2
2019-10-03,0,14.0268,4,10,3
2019-10-04,0,19.159,4,10,4
2019-10-05,1,17.649,4,10,5
2019-10-06,1,35.119,4,10,6
2019-10-07,0,40.361,4,10,7
2019-10-08,0,26.654,4,10,8
2019-10-09,0,27.427,4,10,9
2019-10-10,0,23.906,4,10,10
2019-10-11,0,9.993,4,10,11
2019-10-12,1,9.699,4,10,12
2019-10-13,1,9.48,4,10,13
2019-10-14,0,23.076999999999998,4,10,14
2019-10-15,0,32.139,4,10,15
2019-10-16,0,15.041,4,10,16
2019-10-17,0,8.779,4,10,17
2019-10-18,0,9.483,4,10,18
2019-10-19,1,24.881,4,10,19
2019-10-20,1,24.447,4,10,20
2019-10-21,0,18.362,4,10,21
2019-10-22,0,11.121,4,10,22
2019-10-23,0,9.956,4,10,23
2019-10-24,0,16.033,4,10,24
2019-10-25,0,11.665,4,10,25
2019-10-26,1,8.241,4,10,26
2019-10-27,1,9.621,4,10,27
2019-10-28,0,11.225999999999999,4,10,28
2019-10-29,0,12.033,4,10,29
2019-10-30,0,10.922,4,10,30
2019-10-31,0,11.293,4,10,31
2019-11-01,0,9.76,4,11,1
2019-11-02,1,8.331,4,11,2
2019-11-03,1,13.179,4,11,3
2019-11-04,0,13.439,4,11,4
2019-11-05,0,17.127,4,11,5
2019-11-06,0,26.084,4,11,6
2019-11-07,0,40.537,4,11,7
2019-11-08,0,36.418,4,11,8
2019-11-09,1,30.407,4,11,9
2019-11-10,1,11.696,4,11,10
2019-11-11,0,9.19,4,11,11
2019-11-12,0,13.174,4,11,12
2019-11-13,0,14.334,4,11,13
2019-11-14,0,11.619,4,11,14
2019-11-15,0,10.097,4,11,15
2019-11-16,1,9.536,4,11,16
2019-11-17,1,9.977,4,11,17
2019-11-18,0,8.543,4,11,18
2019-11-19,0,8.478,4,11,19
2019-11-20,0,8.684,4,11,20
2019-11-21,0,9.263,4,11,21
2019-11-22,0,9.948,4,11,22
2019-11-23,1,7.884,4,11,23
2019-11-24,1,10.004999999999999,4,11,24
2019-11-25,0,9.599,4,11,25
2019-11-26,0,10.352,4,11,26
2019-11-27,0,10.366,4,11,27
2019-11-28,0,12.151,4,11,28
2019-11-29,0,10.203999999999999,4,11,29
2019-11-30,1,11.818999999999999,4,11,30
2019-12-01,1,9.588,4,12,1
2019-12-02,0,10.07,4,12,2
2019-12-03,0,11.969999999999999,4,12,3
2019-12-04,0,13.763,4,12,4
2019-12-05,0,16.509999999999998,4,12,5
2019-12-06,0,28.909,4,12,6
2019-12-07,1,39.877,4,12,7
2019-12-08,1,46.382,4,12,8
2019-12-09,0,22.376,4,12,9
2019-12-10,0,7.853,4,12,10
2019-12-11,0,13.149,4,12,11
2019-12-12,0,9.588,4,12,12
2019-12-13,0,10.589,4,12,13
2019-12-14,1,9.586,4,12,14
2019-12-15,1,13.107,4,12,15
2019-12-16,0,10.584,4,12,16
2019-12-17,0,10.858,4,12,17
2019-12-18,0,12.579,4,12,18
2019-12-19,0,13.371,4,12,19
2019-12-20,0,13.689,4,12,20
2019-12-21,0,7.25,4,12,21
2019-12-22,0,4.875,4,12,22
2019-12-23,0,4.95,4,12,23
2019-12-24,0,5.055,4,12,24
2019-12-25,0,4.936,4,12,25
2019-12-26,0,5.031999999999999,4,12,26
2019-12-27,0,5.173,4,12,27
2019-12-28,0,5.199999999999999,4,12,28
2019-12-29,0,5.308999999999999,4,12,29
2019-12-30,0,4.947,4,12,30
2019-12-31,0,5.042,4,12,31
2020-01-01,0,4.814,1,1,1
2020-01-02,0,11.120999999999999,1,1,2
2020-01-03,0,11.372,1,1,3
2020-01-04,1,10.658,1,1,4
2020-01-05,1,13.195,1,1,5
2020-01-06,0,23.794,1,1,6
2020-01-07,0,39.825,1,1,7
2020-01-13,0,9.478,1,1,13
2020-01-14,0,8.629,1,1,14
2020-01-15,0,9.472999999999999,1,1,15
2020-01-16,0,9.187999999999999,1,1,16
2020-01-17,0,8.83,1,1,17
2020-01-18,1,10.891,1,1,18
2020-01-19,1,9.068999999999999,1,1,19
2020-01-20,0,13.161999999999999,1,1,20
2020-01-21,0,13.094999999999999,1,1,21
2020-01-22,0,9.935,1,1,22
2020-01-23,0,9.0,1,1,23
2020-01-24,0,12.29,1,1,24
2020-01-25,1,9.562,1,1,25
2020-01-26,1,8.547,1,1,26
2020-01-27,0,8.525,1,1,27
2020-01-28,0,10.629,1,1,28
2020-01-29,0,11.73,1,1,29
2020-01-30,0,11.62,1,1,30
2020-01-31,0,9.99,1,1,31
2020-02-01,1,7.02,1,2,1
2020-02-02,1,12.486,1,2,2
2020-02-03,0,10.883,1,2,3
2020-02-04,0,11.968,1,2,4
2020-02-05,0,17.135,1,2,5
2020-02-06,0,32.016,1,2,6
2020-02-07,0,44.567,1,2,7
2020-02-13,0,10.404,1,2,13
2020-02-14,0,10.889999999999999,1,2,14
2020-02-15,1,10.948,1,2,15
2020-02-16,1,7.842,1,2,16
2020-02-17,0,10.644,1,2,17
2020-02-18,0,10.094,1,2,18
2020-02-19,0,10.818,1,2,19
2020-02-20,0,12.561,1,2,20
2020-02-21,0,11.738,1,2,21
2020-02-22,1,14.461,1,2,22
2020-02-23,1,10.913,1,2,23
2020-02-24,0,9.379,1,2,24
2020-02-25,0,9.629999999999999,1,2,25
2020-02-26,0,10.203,1,2,26
2020-02-27,0,12.04,1,2,27
2020-02-28,0,10.770999999999999,1,2,28
2020-02-29,1,10.557,1,2,29
2020-03-01,1,9.786999999999999,1,3,1
2020-03-02,0,8.387,1,3,2
2020-03-03,0,9.233,1,3,3
2020-03-04,0,11.722,1,3,4
2020-03-05,0,19.499,1,3,5
2020-03-06,0,24.891,1,3,6
2020-03-07,0,39.659,1,3,7
2020-03-13,0,16.101,1,3,13
2020-03-14,0,11.999,1,3,14
2020-03-15,0,14.986,1,3,15
2020-03-16,0,12.332,1,3,16
2020-03-17,0,12.842,1,3,17
2020-03-18,0,17.623,1,3,18
2020-03-19,0,16.37,1,3,19
2020-03-20,0,11.244,1,3,20
2020-03-21,0,11.119,1,3,21
2020-03-22,0,9.123999999999999,1,3,22
2020-03-23,0,11.628,1,3,23
2020-03-24,0,17.808,1,3,24
2020-03-25,0,17.230999999999998,1,3,25
2020-03-26,0,17.557,1,3,26
2020-03-27,0,20.584,1,3,27
2020-03-28,0,12.326,1,3,28
2020-03-29,0,9.466,1,3,29
2020-03-30,0,12.382,1,3,30
2020-03-31,0,13.883000000000001,1,3,31
2020-04-01,0,12.286999999999999,2,4,1
2020-04-02,0,9.138,2,4,2
2020-04-03,0,10.177999999999999,2,4,3
2020-04-04,0,9.754,2,4,4
2020-04-05,0,22.112,2,4,5
2020-04-06,0,33.209,2,4,6
2020-04-07,0,38.071,2,4,7
2020-04-13,0,10.324,2,4,13
2020-04-14,0,9.254999999999999,2,4,14
2020-04-15,0,8.234,2,4,15
2020-04-16,0,8.948,2,4,16
2020-04-17,0,11.914,2,4,17
2020-04-18,0,9.016,2,4,18
2020-04-19,0,13.549,2,4,19
2020-04-20,0,15.264,2,4,20
2020-04-21,0,19.43,2,4,21
2020-04-22,0,16.744,2,4,22
2020-04-23,0,23.88,2,4,23
2020-04-24,0,18.105,2,4,24
2020-04-25,0,13.998,2,4,25
2020-04-26,0,14.571,2,4,26
2020-04-27,0,16.216,2,4,27
2020-04-28,0,15.744,2,4,28
2020-04-29,0,14.149,2,4,29
2020-04-30,0,14.783,2,4,30
2020-05-01,0,9.75,2,5,1
2020-05-02,0,10.816,2,5,2
2020-05-03,0,8.434,2,5,3
2020-05-04,0,8.334999999999999,2,5,4
2020-05-05,0,23.301,2,5,5
2020-05-06,0,34.752,2,5,6
2020-05-07,0,36.565,2,5,7
2020-05-13,0,22.825,2,5,13
2020-05-14,0,30.765,2,5,14
2020-05-15,0,29.278,2,5,15
2020-05-16,0,15.065999999999999,2,5,16
2020-05-17,0,19.607,2,5,17
2020-05-18,0,31.937,2,5,18
2020-05-19,0,26.067999999999998,2,5,19
2020-05-20,0,40.227,2,5,20
2020-05-21,0,29.095,2,5,21
2020-05-22,0,37.522999999999996,2,5,22
2020-05-23,0,29.18,2,5,23
2020-05-24,0,24.53,2,5,24
2020-05-25,0,18.881,2,5,25
2020-05-26,0,19.297,2,5,26
2020-05-27,0,16.266,2,5,27
2020-05-28,0,22.228,2,5,28
2020-05-29,0,29.229,2,5,29
2020-05-30,0,19.688,2,5,30
2020-05-31,0,23.877,2,5,31
2020-06-01,0,9.284,2,6,1
2020-06-02,0,11.622,2,6,2
2020-06-03,0,8.83,2,6,3
2020-06-04,0,9.295,2,6,4
2020-06-05,0,19.904,2,6,5
2020-06-06,0,30.628,2,6,6
2020-06-07,0,39.9,2,6,7
2020-06-13,0,33.308,2,6,13
2020-06-14,0,28.844,2,6,14
2020-06-15,0,42.918,2,6,15
2020-06-16,0,31.603,2,6,16
2020-06-17,0,32.157,2,6,17
2020-06-18,0,35.148,2,6,18
2020-06-19,0,27.461,2,6,19
2020-06-20,0,25.064999999999998,2,6,20
2020-06-21,0,37.979,2,6,21
2020-06-22,0,22.005,2,6,22
2020-06-23,0,25.947,2,6,23
2020-06-24,0,26.119,2,6,24
2020-06-25,0,23.333,2,6,25
2020-06-26,0,24.384,2,6,26
2020-06-27,0,29.457,2,6,27
2020-06-28,0,31.111,2,6,28
2020-06-29,0,31.602,2,6,29
2020-06-30,0,39.537,2,6,30
2020-07-01,0,9.055,3,7,1
2020-07-02,0,11.847999999999999,3,7,2
2020-07-03,0,12.418,3,7,3
2020-07-04,1,17.238,3,7,4
2020-07-05,1,15.263,3,7,5
2020-07-06,0,37.439,3,7,6
2020-07-07,0,38.483,3,7,7
2020-08-01,1,11.105,3,8,1
2020-08-02,1,9.28,3,8,2
2020-08-03,0,9.960428571,3,8,3
2020-08-04,0,20.329,3,8,4
2020-08-05,0,20.59,3,8,5
2020-08-06,0,42.939,3,8,6
2020-09-01,0,8.842,3,9,1
2020-09-02,0,9.902,3,9,2
2020-09-03,0,8.551,3,9,3
2020-09-04,0,22.922,3,9,4
2020-09-05,1,11.959999999999999,3,9,5
2020-09-06,1,47.132,3,9,6
2020-10-01,0,9.437,4,10,1
2020-10-02,0,10.405999999999999,4,10,2
2020-10-03,1,8.728,4,10,3
2020-10-04,1,13.015,4,10,4
2020-10-05,0,12.806000000000001,4,10,5
2020-10-06,0,31.555,4,10,6
2020-11-01,1,9.581999999999999,4,11,1
2020-11-02,0,10.536999999999999,4,11,2
2020-11-03,0,9.08,4,11,3
2020-11-04,0,13.309,4,11,4
2020-11-05,0,16.659,4,11,5
2020-11-06,0,27.731,4,11,6
2020-12-01,0,11.826,4,12,1
2020-12-02,0,12.087,4,12,2
2020-12-03,0,16.13,4,12,3
2020-12-04,0,18.011,4,12,4
2020-12-05,1,15.777,4,12,5
2020-12-06,1,34.504,4,12,6
